gen,nevals,avg,std,min,max
0,20,[0.2535902],[0.00086208],[0.25175429],[0.25566813]
1,64,[0.25460708],[0.00041118],[0.25401541],[0.25566813]
2,55,[0.25499242],[0.0004362],[0.25467031],[0.25566813]
3,62,[0.25567008],[3.0047789e-05],[0.25560005],[0.25572694]
4,56,[0.25572189],[9.16580405e-06],[0.2556983],[0.25572694]
5,60,[0.25572694],[0.],[0.25572694],[0.25572694]
6,58,[0.25572694],[0.],[0.25572694],[0.25572694]
7,56,[0.25572694],[0.],[0.25572694],[0.25572694]
8,61,[0.25572694],[0.],[0.25572694],[0.25572694]
9,57,[0.25572694],[0.],[0.25572694],[0.25572694]
10,58,[0.25572694],[0.],[0.25572694],[0.25572694]
11,59,[0.25572694],[0.],[0.25572694],[0.25572694]
12,64,[0.25572694],[0.],[0.25572694],[0.25572694]
13,60,[0.25572694],[0.],[0.25572694],[0.25572694]
14,60,[0.25574994],[0.00010025],[0.25572694],[0.2561869]
15,58,[0.25583566],[0.00018919],[0.25572694],[0.2561869]
16,57,[0.25617346],[4.03456072e-05],[0.25605242],[0.2561869]
17,57,[0.2561869],[1.11022302e-16],[0.2561869],[0.2561869]
18,54,[0.2561869],[1.11022302e-16],[0.2561869],[0.2561869]
19,61,[0.2561869],[1.11022302e-16],[0.2561869],[0.2561869]
20,59,[0.2561869],[1.11022302e-16],[0.2561869],[0.2561869]
21,64,[0.2561869],[1.11022302e-16],[0.2561869],[0.2561869]
22,57,[0.2561869],[1.11022302e-16],[0.2561869],[0.2561869]
23,60,[0.2561869],[1.11022302e-16],[0.2561869],[0.2561869]
24,62,[0.2561869],[1.11022302e-16],[0.2561869],[0.2561869]
25,58,[0.2561869],[1.11022302e-16],[0.2561869],[0.2561869]
26,59,[0.2561869],[1.11022302e-16],[0.2561869],[0.2561869]
27,56,[0.25618721],[1.34118268e-06],[0.2561869],[0.25619306]
28,60,[0.25618814],[2.46150727e-06],[0.2561869],[0.25619306]
29,58,[0.25619306],[0.],[0.25619306],[0.25619306]
30,62,[0.25619306],[0.],[0.25619306],[0.25619306]
31,63,[0.25619306],[0.],[0.25619306],[0.25619306]
32,66,[0.25619306],[0.],[0.25619306],[0.25619306]
33,59,[0.25619306],[0.],[0.25619306],[0.25619306]
34,59,[0.25619306],[0.],[0.25619306],[0.25619306]
35,59,[0.25619306],[0.],[0.25619306],[0.25619306]
36,63,[0.25619306],[0.],[0.25619306],[0.25619306]
37,62,[0.25619306],[0.],[0.25619306],[0.25619306]
38,57,[0.25619306],[0.],[0.25619306],[0.25619306]
39,62,[0.25619306],[0.],[0.25619306],[0.25619306]
40,54,[0.25619306],[0.],[0.25619306],[0.25619306]
41,61,[0.25619306],[0.],[0.25619306],[0.25619306]
42,59,[0.25619306],[0.],[0.25619306],[0.25619306]
43,63,[0.25619306],[0.],[0.25619306],[0.25619306]
44,61,[0.25619306],[0.],[0.25619306],[0.25619306]
45,63,[0.25619306],[0.],[0.25619306],[0.25619306]
46,56,[0.25619306],[0.],[0.25619306],[0.25619306]
47,58,[0.25619306],[0.],[0.25619306],[0.25619306]
48,56,[0.25619306],[0.],[0.25619306],[0.25619306]
49,57,[0.25619306],[0.],[0.25619306],[0.25619306]
50,58,[0.25619306],[0.],[0.25619306],[0.25619306]
51,64,[0.25619306],[0.],[0.25619306],[0.25619306]
52,64,[0.25619306],[0.],[0.25619306],[0.25619306]
53,62,[0.25619306],[0.],[0.25619306],[0.25619306]
54,59,[0.25619306],[0.],[0.25619306],[0.25619306]
55,57,[0.25619306],[0.],[0.25619306],[0.25619306]
56,62,[0.25619306],[0.],[0.25619306],[0.25619306]
57,59,[0.25619306],[0.],[0.25619306],[0.25619306]
58,60,[0.25619541],[1.02446789e-05],[0.25619306],[0.25624006]
59,65,[0.25620246],[1.88023243e-05],[0.25619306],[0.25624006]
60,57,[0.25624006],[0.],[0.25624006],[0.25624006]
61,61,[0.25624006],[0.],[0.25624006],[0.25624006]
62,58,[0.25624006],[0.],[0.25624006],[0.25624006]
63,58,[0.25624006],[0.],[0.25624006],[0.25624006]
64,55,[0.25624006],[0.],[0.25624006],[0.25624006]
65,59,[0.25624006],[0.],[0.25624006],[0.25624006]
66,62,[0.25624257],[1.09047867e-05],[0.25624006],[0.2562901]
67,63,[0.25624507],[1.50103778e-05],[0.25624006],[0.2562901]
68,57,[0.25626258],[2.48918956e-05],[0.25624006],[0.2562901]
69,65,[0.2562901],[5.55111512e-17],[0.2562901],[0.2562901]
70,54,[0.2562901],[5.55111512e-17],[0.2562901],[0.2562901]
71,57,[0.2562901],[5.55111512e-17],[0.2562901],[0.2562901]
72,59,[0.2562901],[5.55111512e-17],[0.2562901],[0.2562901]
73,58,[0.2562901],[5.55111512e-17],[0.2562901],[0.2562901]
74,60,[0.2562901],[5.55111512e-17],[0.2562901],[0.2562901]
75,61,[0.2562901],[5.55111512e-17],[0.2562901],[0.2562901]
76,60,[0.2562901],[5.55111512e-17],[0.2562901],[0.2562901]
77,65,[0.2562901],[5.55111512e-17],[0.2562901],[0.2562901]
78,60,[0.2562901],[5.55111512e-17],[0.2562901],[0.2562901]
79,62,[0.2562901],[5.55111512e-17],[0.2562901],[0.2562901]
80,60,[0.2562901],[5.55111512e-17],[0.2562901],[0.2562901]
81,56,[0.2562901],[5.55111512e-17],[0.2562901],[0.2562901]
82,60,[0.2562901],[5.55111512e-17],[0.2562901],[0.2562901]
83,60,[0.2562901],[5.55111512e-17],[0.2562901],[0.2562901]
84,63,[0.2562901],[5.55111512e-17],[0.2562901],[0.2562901]
85,60,[0.2562901],[5.55111512e-17],[0.2562901],[0.2562901]
86,53,[0.2562901],[5.55111512e-17],[0.2562901],[0.2562901]
87,59,[0.2562901],[5.55111512e-17],[0.2562901],[0.2562901]
88,56,[0.2562901],[5.55111512e-17],[0.2562901],[0.2562901]
89,61,[0.2562901],[5.55111512e-17],[0.2562901],[0.2562901]
90,61,[0.2562901],[5.55111512e-17],[0.2562901],[0.2562901]
91,60,[0.2562901],[5.55111512e-17],[0.2562901],[0.2562901]
92,64,[0.2562901],[5.55111512e-17],[0.2562901],[0.2562901]
93,61,[0.2562901],[5.55111512e-17],[0.2562901],[0.2562901]
94,61,[0.2562901],[5.55111512e-17],[0.2562901],[0.2562901]
95,63,[0.2562901],[5.55111512e-17],[0.2562901],[0.2562901]
96,60,[0.2562901],[5.55111512e-17],[0.2562901],[0.2562901]
97,59,[0.2562901],[5.55111512e-17],[0.2562901],[0.2562901]
98,56,[0.2562901],[5.55111512e-17],[0.2562901],[0.2562901]
99,59,[0.2562901],[5.55111512e-17],[0.2562901],[0.2562901]
100,62,[0.2562915],[6.12075687e-06],[0.2562901],[0.25631818]
,,,,,
gen,nevals,avg,std,min,max
0,21,[0.25364011],[0.00087042],[0.25175429],[0.25566813]
1,65,[0.25474414],[0.00040226],[0.25404424],[0.25566813]
2,60,[0.25533751],[0.00042433],[0.25475973],[0.25572694]
3,61,[0.25571457],[7.43993001e-05],[0.25566813],[0.25602549]
4,57,[0.25582713],[0.00014172],[0.25572694],[0.25603964]
5,62,[0.25605036],[2.82512537e-05],[0.25602549],[0.25609837]
6,54,[0.25608951],[1.30959827e-05],[0.25603964],[0.25609837]
7,57,[0.25609837],[5.55111512e-17],[0.25609837],[0.25609837]
8,60,[0.25609837],[5.55111512e-17],[0.25609837],[0.25609837]
9,57,[0.25609837],[5.55111512e-17],[0.25609837],[0.25609837]
10,57,[0.25609837],[5.55111512e-17],[0.25609837],[0.25609837]
11,60,[0.25609837],[5.55111512e-17],[0.25609837],[0.25609837]
12,62,[0.25609837],[5.55111512e-17],[0.25609837],[0.25609837]
13,56,[0.25609837],[5.55111512e-17],[0.25609837],[0.25609837]
14,57,[0.25610258],[1.88545336e-05],[0.25609837],[0.2561869]
15,61,[0.25611523],[3.47660422e-05],[0.25609837],[0.2561869]
16,63,[0.25617426],[3.09811601e-05],[0.25609837],[0.2561869]
17,60,[0.2561869],[1.11022302e-16],[0.2561869],[0.2561869]
18,54,[0.2561869],[1.11022302e-16],[0.2561869],[0.2561869]
19,58,[0.25619276],[2.6180866e-05],[0.2561869],[0.25630984]
20,62,[0.25620239],[3.87171989e-05],[0.2561869],[0.25630984]
21,58,[0.25626055],[5.45069045e-05],[0.2561869],[0.25630984]
22,62,[0.25630984],[5.55111512e-17],[0.25630984],[0.25630984]
23,52,[0.25630984],[5.55111512e-17],[0.25630984],[0.25630984]
24,62,[0.25630984],[5.55111512e-17],[0.25630984],[0.25630984]
25,58,[0.25630984],[5.55111512e-17],[0.25630984],[0.25630984]
26,60,[0.25630984],[5.55111512e-17],[0.25630984],[0.25630984]
27,60,[0.25630984],[5.55111512e-17],[0.25630984],[0.25630984]
28,58,[0.25630984],[5.55111512e-17],[0.25630984],[0.25630984]
29,58,[0.25630984],[5.55111512e-17],[0.25630984],[0.25630984]
30,59,[0.25630984],[5.55111512e-17],[0.25630984],[0.25630984]
31,64,[0.25630984],[5.55111512e-17],[0.25630984],[0.25630984]
32,66,[0.25630984],[5.55111512e-17],[0.25630984],[0.25630984]
33,67,[0.25630984],[5.55111512e-17],[0.25630984],[0.25630984]
34,54,[0.25630984],[5.55111512e-17],[0.25630984],[0.25630984]
35,59,[0.25630984],[5.55111512e-17],[0.25630984],[0.25630984]
36,61,[0.25630984],[5.55111512e-17],[0.25630984],[0.25630984]
37,61,[0.25630984],[5.55111512e-17],[0.25630984],[0.25630984]
38,59,[0.25630984],[5.55111512e-17],[0.25630984],[0.25630984]
39,58,[0.25630984],[5.55111512e-17],[0.25630984],[0.25630984]
40,61,[0.25630984],[5.55111512e-17],[0.25630984],[0.25630984]
41,55,[0.25630984],[5.55111512e-17],[0.25630984],[0.25630984]
42,61,[0.25630984],[5.55111512e-17],[0.25630984],[0.25630984]
43,62,[0.25630984],[5.55111512e-17],[0.25630984],[0.25630984]
44,61,[0.25630984],[5.55111512e-17],[0.25630984],[0.25630984]
45,62,[0.25630984],[5.55111512e-17],[0.25630984],[0.25630984]
46,58,[0.25630984],[5.55111512e-17],[0.25630984],[0.25630984]
47,61,[0.25630984],[5.55111512e-17],[0.25630984],[0.25630984]
48,56,[0.25630984],[5.55111512e-17],[0.25630984],[0.25630984]
49,58,[0.25630984],[5.55111512e-17],[0.25630984],[0.25630984]
50,58,[0.25630984],[5.55111512e-17],[0.25630984],[0.25630984]
51,60,[0.25630984],[5.55111512e-17],[0.25630984],[0.25630984]
52,61,[0.25630984],[5.55111512e-17],[0.25630984],[0.25630984]
53,62,[0.25630984],[5.55111512e-17],[0.25630984],[0.25630984]
54,66,[0.25630984],[5.55111512e-17],[0.25630984],[0.25630984]
55,60,[0.25630984],[5.55111512e-17],[0.25630984],[0.25630984]
56,59,[0.25630984],[5.55111512e-17],[0.25630984],[0.25630984]
57,63,[0.25630984],[5.55111512e-17],[0.25630984],[0.25630984]
58,60,[0.25630984],[5.55111512e-17],[0.25630984],[0.25630984]
59,62,[0.25630984],[5.55111512e-17],[0.25630984],[0.25630984]
60,64,[0.25630984],[5.55111512e-17],[0.25630984],[0.25630984]
61,53,[0.25630984],[5.55111512e-17],[0.25630984],[0.25630984]
62,63,[0.25630984],[5.55111512e-17],[0.25630984],[0.25630984]
63,60,[0.25630984],[5.55111512e-17],[0.25630984],[0.25630984]
64,58,[0.25630984],[5.55111512e-17],[0.25630984],[0.25630984]
65,57,[0.25630984],[5.55111512e-17],[0.25630984],[0.25630984]
66,59,[0.25630984],[5.55111512e-17],[0.25630984],[0.25630984]
67,58,[0.25630984],[5.55111512e-17],[0.25630984],[0.25630984]
68,63,[0.25630984],[5.55111512e-17],[0.25630984],[0.25630984]
69,59,[0.25630984],[5.55111512e-17],[0.25630984],[0.25630984]
70,67,[0.25630984],[5.55111512e-17],[0.25630984],[0.25630984]
71,57,[0.25630984],[5.55111512e-17],[0.25630984],[0.25630984]
72,59,[0.25630984],[5.55111512e-17],[0.25630984],[0.25630984]
73,58,[0.25630984],[5.55111512e-17],[0.25630984],[0.25630984]
74,59,[0.25630984],[5.55111512e-17],[0.25630984],[0.25630984]
75,64,[0.25630984],[5.55111512e-17],[0.25630984],[0.25630984]
76,60,[0.25630984],[5.55111512e-17],[0.25630984],[0.25630984]
77,62,[0.25630984],[5.55111512e-17],[0.25630984],[0.25630984]
78,62,[0.25630984],[5.55111512e-17],[0.25630984],[0.25630984]
79,62,[0.25630984],[5.55111512e-17],[0.25630984],[0.25630984]
80,59,[0.25630984],[5.55111512e-17],[0.25630984],[0.25630984]
81,64,[0.25630984],[5.55111512e-17],[0.25630984],[0.25630984]
82,57,[0.25630984],[5.55111512e-17],[0.25630984],[0.25630984]
83,61,[0.25630984],[5.55111512e-17],[0.25630984],[0.25630984]
84,56,[0.25630984],[5.55111512e-17],[0.25630984],[0.25630984]
85,56,[0.25630984],[5.55111512e-17],[0.25630984],[0.25630984]
86,60,[0.25630984],[5.55111512e-17],[0.25630984],[0.25630984]
87,60,[0.25630984],[5.55111512e-17],[0.25630984],[0.25630984]
88,56,[0.25630984],[5.55111512e-17],[0.25630984],[0.25630984]
89,58,[0.25630984],[5.55111512e-17],[0.25630984],[0.25630984]
90,58,[0.25630984],[5.55111512e-17],[0.25630984],[0.25630984]
91,58,[0.25630984],[5.55111512e-17],[0.25630984],[0.25630984]
92,61,[0.25630984],[5.55111512e-17],[0.25630984],[0.25630984]
93,61,[0.25630984],[5.55111512e-17],[0.25630984],[0.25630984]
94,61,[0.25630984],[5.55111512e-17],[0.25630984],[0.25630984]
95,61,[0.25630984],[5.55111512e-17],[0.25630984],[0.25630984]
96,64,[0.25630984],[5.55111512e-17],[0.25630984],[0.25630984]
97,61,[0.25630984],[5.55111512e-17],[0.25630984],[0.25630984]
98,60,[0.25630984],[5.55111512e-17],[0.25630984],[0.25630984]
99,56,[0.25630984],[5.55111512e-17],[0.25630984],[0.25630984]
100,58,[0.25630984],[5.55111512e-17],[0.25630984],[0.25630984]
,,,,,
gen,nevals,avg,std,min,max
0,22,[0.25364986],[0.00085158],[0.25175429],[0.25566813]
1,64,[0.25478759],[0.00036122],[0.25451387],[0.25570481]
2,63,[0.25530784],[0.00040511],[0.25472785],[0.25570481]
3,61,[0.25571718],[7.78996618e-05],[0.25569205],[0.25607292]
4,56,[0.25582606],[0.00016889],[0.25570481],[0.25607476]
5,61,[0.25607513],[4.18927428e-06],[0.25607292],[0.25608548]
6,54,[0.2560811],[5.27088927e-06],[0.25607476],[0.25608548]
7,55,[0.25608548],[5.55111512e-17],[0.25608548],[0.25608548]
8,58,[0.25608548],[5.55111512e-17],[0.25608548],[0.25608548]
9,61,[0.25608548],[5.55111512e-17],[0.25608548],[0.25608548]
10,61,[0.25608548],[5.55111512e-17],[0.25608548],[0.25608548]
11,64,[0.25608548],[5.55111512e-17],[0.25608548],[0.25608548]
12,61,[0.25608548],[5.55111512e-17],[0.25608548],[0.25608548]
13,58,[0.25608548],[5.55111512e-17],[0.25608548],[0.25608548]
14,56,[0.25609009],[2.11256523e-05],[0.25608548],[0.2561869]
15,61,[0.25610853],[4.25020563e-05],[0.25608548],[0.2561869]
16,64,[0.2561869],[1.11022302e-16],[0.2561869],[0.2561869]
17,59,[0.2561869],[1.11022302e-16],[0.2561869],[0.2561869]
18,60,[0.2561869],[1.11022302e-16],[0.2561869],[0.2561869]
19,60,[0.2561869],[1.11022302e-16],[0.2561869],[0.2561869]
20,63,[0.2561869],[1.11022302e-16],[0.2561869],[0.2561869]
21,60,[0.2561869],[1.11022302e-16],[0.2561869],[0.2561869]
22,63,[0.2561869],[1.11022302e-16],[0.2561869],[0.2561869]
23,53,[0.2561869],[1.11022302e-16],[0.2561869],[0.2561869]
24,58,[0.2561869],[1.11022302e-16],[0.2561869],[0.2561869]
25,59,[0.2561869],[1.11022302e-16],[0.2561869],[0.2561869]
26,62,[0.2561869],[1.11022302e-16],[0.2561869],[0.2561869]
27,61,[0.25618922],[9.36504142e-06],[0.2561869],[0.25623174]
28,59,[0.25619534],[1.72063272e-05],[0.2561869],[0.25623174]
29,61,[0.25622267],[1.67651561e-05],[0.2561869],[0.25623174]
30,53,[0.25623174],[5.55111512e-17],[0.25623174],[0.25623174]
31,59,[0.25623174],[5.55111512e-17],[0.25623174],[0.25623174]
32,65,[0.25623174],[5.55111512e-17],[0.25623174],[0.25623174]
33,62,[0.2562318],[2.94218963e-07],[0.25623174],[0.25623315]
34,54,[0.2562318],[2.94218963e-07],[0.25623174],[0.25623315]
35,60,[0.25623199],[5.4478766e-07],[0.25623174],[0.25623315]
36,59,[0.25623199],[5.4478766e-07],[0.25623174],[0.25623315]
37,57,[0.2562327],[6.57893603e-07],[0.25623174],[0.25623315]
38,62,[0.25623315],[5.55111512e-17],[0.25623315],[0.25623315]
39,57,[0.25623315],[5.55111512e-17],[0.25623315],[0.25623315]
40,59,[0.25623315],[5.55111512e-17],[0.25623315],[0.25623315]
41,59,[0.25623315],[5.55111512e-17],[0.25623315],[0.25623315]
42,62,[0.25623541],[1.03618044e-05],[0.25623315],[0.25628289]
43,63,[0.25623767],[1.43006487e-05],[0.25623315],[0.25628289]
44,59,[0.25625124],[2.39295622e-05],[0.25623315],[0.25628289]
45,55,[0.25628289],[1.11022302e-16],[0.25628289],[0.25628289]
46,61,[0.25628289],[1.11022302e-16],[0.25628289],[0.25628289]
47,55,[0.25628289],[1.11022302e-16],[0.25628289],[0.25628289]
48,58,[0.25628289],[1.11022302e-16],[0.25628289],[0.25628289]
49,55,[0.25628289],[1.11022302e-16],[0.25628289],[0.25628289]
50,64,[0.25628289],[1.11022302e-16],[0.25628289],[0.25628289]
51,58,[0.25628289],[1.11022302e-16],[0.25628289],[0.25628289]
52,59,[0.25628289],[1.11022302e-16],[0.25628289],[0.25628289]
53,64,[0.25628289],[1.11022302e-16],[0.25628289],[0.25628289]
54,62,[0.25628289],[1.11022302e-16],[0.25628289],[0.25628289]
55,64,[0.25628289],[1.11022302e-16],[0.25628289],[0.25628289]
56,60,[0.25628289],[1.11022302e-16],[0.25628289],[0.25628289]
57,64,[0.25628289],[1.11022302e-16],[0.25628289],[0.25628289]
58,53,[0.25628289],[1.11022302e-16],[0.25628289],[0.25628289]
59,61,[0.25628289],[1.11022302e-16],[0.25628289],[0.25628289]
60,58,[0.25628289],[1.11022302e-16],[0.25628289],[0.25628289]
61,59,[0.25628289],[1.11022302e-16],[0.25628289],[0.25628289]
62,54,[0.25628289],[1.11022302e-16],[0.25628289],[0.25628289]
63,59,[0.25628289],[1.11022302e-16],[0.25628289],[0.25628289]
64,61,[0.25628289],[1.11022302e-16],[0.25628289],[0.25628289]
65,58,[0.25628289],[1.11022302e-16],[0.25628289],[0.25628289]
66,58,[0.25628289],[1.11022302e-16],[0.25628289],[0.25628289]
67,59,[0.25628289],[1.11022302e-16],[0.25628289],[0.25628289]
68,60,[0.25628289],[1.11022302e-16],[0.25628289],[0.25628289]
69,59,[0.25628289],[1.11022302e-16],[0.25628289],[0.25628289]
70,60,[0.25628289],[1.11022302e-16],[0.25628289],[0.25628289]
71,61,[0.25628289],[1.11022302e-16],[0.25628289],[0.25628289]
72,59,[0.25628289],[1.11022302e-16],[0.25628289],[0.25628289]
73,59,[0.25628289],[1.11022302e-16],[0.25628289],[0.25628289]
74,62,[0.25628289],[1.11022302e-16],[0.25628289],[0.25628289]
75,60,[0.25628289],[1.11022302e-16],[0.25628289],[0.25628289]
76,64,[0.25628289],[1.11022302e-16],[0.25628289],[0.25628289]
77,61,[0.25628289],[1.11022302e-16],[0.25628289],[0.25628289]
78,59,[0.25628289],[1.11022302e-16],[0.25628289],[0.25628289]
79,57,[0.25628289],[1.11022302e-16],[0.25628289],[0.25628289]
80,59,[0.25628289],[1.11022302e-16],[0.25628289],[0.25628289]
81,57,[0.25628289],[1.11022302e-16],[0.25628289],[0.25628289]
82,64,[0.25628289],[1.11022302e-16],[0.25628289],[0.25628289]
83,60,[0.25628289],[1.11022302e-16],[0.25628289],[0.25628289]
84,61,[0.25628289],[1.11022302e-16],[0.25628289],[0.25628289]
85,56,[0.25628289],[1.11022302e-16],[0.25628289],[0.25628289]
86,60,[0.25628289],[1.11022302e-16],[0.25628289],[0.25628289]
87,58,[0.25628289],[1.11022302e-16],[0.25628289],[0.25628289]
88,58,[0.25628289],[1.11022302e-16],[0.25628289],[0.25628289]
89,58,[0.25628289],[1.11022302e-16],[0.25628289],[0.25628289]
90,58,[0.25628289],[1.11022302e-16],[0.25628289],[0.25628289]
91,54,[0.25628289],[1.11022302e-16],[0.25628289],[0.25628289]
92,57,[0.25628289],[1.11022302e-16],[0.25628289],[0.25628289]
93,60,[0.25628289],[1.11022302e-16],[0.25628289],[0.25628289]
94,58,[0.25628289],[1.11022302e-16],[0.25628289],[0.25628289]
95,60,[0.25628289],[1.11022302e-16],[0.25628289],[0.25628289]
96,60,[0.25628289],[1.11022302e-16],[0.25628289],[0.25628289]
97,63,[0.25628289],[1.11022302e-16],[0.25628289],[0.25628289]
98,59,[0.25628289],[1.11022302e-16],[0.25628289],[0.25628289]
99,61,[0.25628289],[1.11022302e-16],[0.25628289],[0.25628289]
100,57,[0.25628289],[1.11022302e-16],[0.25628289],[0.25628289]
,,,,,
gen,nevals,avg,std,min,max
0,23,[0.25369473],[0.00085904],[0.25175429],[0.25566813]
1,62,[0.2547736],[0.0003558],[0.25446849],[0.25570481]
2,63,[0.25506279],[0.00045081],[0.25469979],[0.25570481]
3,58,[0.25571757],[8.61560952e-05],[0.25566813],[0.25611769]
4,59,[0.25580812],[0.00016268],[0.25571418],[0.25612292]
5,60,[0.25610183],[8.10341014e-05],[0.25572694],[0.2561764]
6,60,[0.25613464],[2.41818982e-05],[0.25611769],[0.25619425]
7,55,[0.2561764],[9.10344274e-06],[0.25614078],[0.25619425]
8,59,[0.25618416],[8.84990382e-06],[0.2561764],[0.25619425]
9,58,[0.25619425],[0.],[0.25619425],[0.25619425]
10,62,[0.25619425],[0.],[0.25619425],[0.25619425]
11,60,[0.25619425],[0.],[0.25619425],[0.25619425]
12,64,[0.25619425],[0.],[0.25619425],[0.25619425]
13,60,[0.25619425],[0.],[0.25619425],[0.25619425]
14,57,[0.25619425],[0.],[0.25619425],[0.25619425]
15,59,[0.25619425],[0.],[0.25619425],[0.25619425]
16,63,[0.25619425],[0.],[0.25619425],[0.25619425]
17,62,[0.25619425],[0.],[0.25619425],[0.25619425]
18,56,[0.25619425],[0.],[0.25619425],[0.25619425]
19,58,[0.25619425],[0.],[0.25619425],[0.25619425]
20,62,[0.25619425],[0.],[0.25619425],[0.25619425]
21,62,[0.25619425],[0.],[0.25619425],[0.25619425]
22,63,[0.25619425],[0.],[0.25619425],[0.25619425]
23,62,[0.25619425],[0.],[0.25619425],[0.25619425]
24,56,[0.25619425],[0.],[0.25619425],[0.25619425]
25,62,[0.25619425],[0.],[0.25619425],[0.25619425]
26,57,[0.25619425],[0.],[0.25619425],[0.25619425]
27,62,[0.25619425],[0.],[0.25619425],[0.25619425]
28,59,[0.25619425],[0.],[0.25619425],[0.25619425]
29,60,[0.25619425],[0.],[0.25619425],[0.25619425]
30,55,[0.25619425],[0.],[0.25619425],[0.25619425]
31,53,[0.25619425],[0.],[0.25619425],[0.25619425]
32,65,[0.25619425],[0.],[0.25619425],[0.25619425]
33,60,[0.25619431],[2.88091697e-07],[0.25619425],[0.25619566]
34,59,[0.25619443],[4.75767779e-07],[0.25619425],[0.25619566]
35,56,[0.25619468],[6.50022534e-07],[0.25619425],[0.25619566]
36,59,[0.25619566],[1.11022302e-16],[0.25619566],[0.25619566]
37,57,[0.25619566],[1.11022302e-16],[0.25619566],[0.25619566]
38,61,[0.25619566],[1.11022302e-16],[0.25619566],[0.25619566]
39,61,[0.25619566],[1.11022302e-16],[0.25619566],[0.25619566]
40,57,[0.25619566],[1.11022302e-16],[0.25619566],[0.25619566]
41,62,[0.25619566],[1.11022302e-16],[0.25619566],[0.25619566]
42,56,[0.25619566],[1.11022302e-16],[0.25619566],[0.25619566]
43,60,[0.25619566],[1.11022302e-16],[0.25619566],[0.25619566]
44,62,[0.25619566],[1.11022302e-16],[0.25619566],[0.25619566]
45,58,[0.25619566],[1.11022302e-16],[0.25619566],[0.25619566]
46,61,[0.25619566],[1.11022302e-16],[0.25619566],[0.25619566]
47,61,[0.25619566],[1.11022302e-16],[0.25619566],[0.25619566]
48,58,[0.25619566],[1.11022302e-16],[0.25619566],[0.25619566]
49,58,[0.25619566],[1.11022302e-16],[0.25619566],[0.25619566]
50,58,[0.25619566],[1.11022302e-16],[0.25619566],[0.25619566]
51,61,[0.25619566],[1.11022302e-16],[0.25619566],[0.25619566]
52,59,[0.25619566],[1.11022302e-16],[0.25619566],[0.25619566]
53,59,[0.25619566],[1.11022302e-16],[0.25619566],[0.25619566]
54,59,[0.25619566],[1.11022302e-16],[0.25619566],[0.25619566]
55,63,[0.25619566],[1.11022302e-16],[0.25619566],[0.25619566]
56,61,[0.25619566],[1.11022302e-16],[0.25619566],[0.25619566]
57,63,[0.25619566],[1.11022302e-16],[0.25619566],[0.25619566]
58,63,[0.25619566],[1.11022302e-16],[0.25619566],[0.25619566]
59,52,[0.25619566],[1.11022302e-16],[0.25619566],[0.25619566]
60,59,[0.25619566],[1.11022302e-16],[0.25619566],[0.25619566]
61,57,[0.25619566],[1.11022302e-16],[0.25619566],[0.25619566]
62,63,[0.25619566],[1.11022302e-16],[0.25619566],[0.25619566]
63,54,[0.25619566],[1.11022302e-16],[0.25619566],[0.25619566]
64,59,[0.25619566],[1.11022302e-16],[0.25619566],[0.25619566]
65,64,[0.25619566],[1.11022302e-16],[0.25619566],[0.25619566]
66,57,[0.25619566],[1.11022302e-16],[0.25619566],[0.25619566]
67,60,[0.25619566],[1.11022302e-16],[0.25619566],[0.25619566]
68,56,[0.25619566],[1.11022302e-16],[0.25619566],[0.25619566]
69,59,[0.25619566],[1.11022302e-16],[0.25619566],[0.25619566]
70,60,[0.25619566],[1.11022302e-16],[0.25619566],[0.25619566]
71,61,[0.25619566],[1.11022302e-16],[0.25619566],[0.25619566]
72,62,[0.25619566],[1.11022302e-16],[0.25619566],[0.25619566]
73,58,[0.25619566],[1.11022302e-16],[0.25619566],[0.25619566]
74,57,[0.25619566],[1.11022302e-16],[0.25619566],[0.25619566]
75,62,[0.25619566],[1.11022302e-16],[0.25619566],[0.25619566]
76,62,[0.25619566],[1.11022302e-16],[0.25619566],[0.25619566]
77,61,[0.25619566],[1.11022302e-16],[0.25619566],[0.25619566]
78,61,[0.25619566],[1.11022302e-16],[0.25619566],[0.25619566]
79,60,[0.25619566],[1.11022302e-16],[0.25619566],[0.25619566]
80,63,[0.25619566],[1.11022302e-16],[0.25619566],[0.25619566]
81,54,[0.25619566],[1.11022302e-16],[0.25619566],[0.25619566]
82,60,[0.25619566],[1.11022302e-16],[0.25619566],[0.25619566]
83,64,[0.25619566],[1.11022302e-16],[0.25619566],[0.25619566]
84,61,[0.25619566],[1.11022302e-16],[0.25619566],[0.25619566]
85,57,[0.25619566],[1.11022302e-16],[0.25619566],[0.25619566]
86,59,[0.25619566],[1.11022302e-16],[0.25619566],[0.25619566]
87,60,[0.25619566],[1.11022302e-16],[0.25619566],[0.25619566]
88,54,[0.25619566],[1.11022302e-16],[0.25619566],[0.25619566]
89,61,[0.25619566],[1.11022302e-16],[0.25619566],[0.25619566]
90,60,[0.25619566],[1.11022302e-16],[0.25619566],[0.25619566]
91,61,[0.25619566],[1.11022302e-16],[0.25619566],[0.25619566]
92,58,[0.25619566],[1.11022302e-16],[0.25619566],[0.25619566]
93,59,[0.25619566],[1.11022302e-16],[0.25619566],[0.25619566]
94,59,[0.25619566],[1.11022302e-16],[0.25619566],[0.25619566]
95,61,[0.25619566],[1.11022302e-16],[0.25619566],[0.25619566]
96,58,[0.25619566],[1.11022302e-16],[0.25619566],[0.25619566]
97,60,[0.25619566],[1.11022302e-16],[0.25619566],[0.25619566]
98,64,[0.25619566],[1.11022302e-16],[0.25619566],[0.25619566]
99,64,[0.25619566],[1.11022302e-16],[0.25619566],[0.25619566]
100,58,[0.25619566],[1.11022302e-16],[0.25619566],[0.25619566]
,,,,,
gen,nevals,avg,std,min,max
0,24,[0.25363421],[0.00088965],[0.25175429],[0.25566813]
1,63,[0.25469606],[0.00042554],[0.25399848],[0.25570481]
2,63,[0.25516856],[0.00047341],[0.25470227],[0.25572694]
3,58,[0.25572692],[9.19688876e-05],[0.25568924],[0.25616342]
4,57,[0.25581565],[0.00017319],[0.25572694],[0.25616342]
5,57,[0.25610103],[0.00014287],[0.25572694],[0.2561764]
6,56,[0.25616774],[6.11730747e-06],[0.25616342],[0.2561764]
7,54,[0.2561764],[0.],[0.2561764],[0.2561764]
8,59,[0.2561764],[0.],[0.2561764],[0.2561764]
9,57,[0.2561764],[0.],[0.2561764],[0.2561764]
10,61,[0.2561764],[0.],[0.2561764],[0.2561764]
11,55,[0.2561764],[0.],[0.2561764],[0.2561764]
12,63,[0.2561764],[0.],[0.2561764],[0.2561764]
13,62,[0.2561764],[0.],[0.2561764],[0.2561764]
14,57,[0.2561764],[0.],[0.2561764],[0.2561764]
15,61,[0.2561764],[0.],[0.2561764],[0.2561764]
16,60,[0.2561764],[0.],[0.2561764],[0.2561764]
17,62,[0.2561764],[0.],[0.2561764],[0.2561764]
18,57,[0.2561764],[0.],[0.2561764],[0.2561764]
19,55,[0.2561764],[0.],[0.2561764],[0.2561764]
20,59,[0.2561764],[0.],[0.2561764],[0.2561764]
21,63,[0.25617646],[2.91575035e-07],[0.2561764],[0.25617785]
22,59,[0.25617664],[5.43790244e-07],[0.2561764],[0.25617785]
23,62,[0.25617725],[7.19366875e-07],[0.2561764],[0.25617785]
24,58,[0.25617785],[0.],[0.25617785],[0.25617785]
25,60,[0.25617785],[0.],[0.25617785],[0.25617785]
26,55,[0.25617785],[0.],[0.25617785],[0.25617785]
27,59,[0.25617785],[0.],[0.25617785],[0.25617785]
28,61,[0.25617785],[0.],[0.25617785],[0.25617785]
29,61,[0.25617855],[3.32962056e-06],[0.25617785],[0.25619452]
30,59,[0.25618063],[6.20977437e-06],[0.25617785],[0.25619452]
31,50,[0.25618966],[7.57363389e-06],[0.25617785],[0.25619452]
32,59,[0.25619452],[0.],[0.25619452],[0.25619452]
33,65,[0.25619452],[0.],[0.25619452],[0.25619452]
34,60,[0.25619452],[0.],[0.25619452],[0.25619452]
35,55,[0.25619452],[0.],[0.25619452],[0.25619452]
36,60,[0.25619452],[0.],[0.25619452],[0.25619452]
37,59,[0.25619452],[0.],[0.25619452],[0.25619452]
38,59,[0.25619452],[0.],[0.25619452],[0.25619452]
39,59,[0.25619452],[0.],[0.25619452],[0.25619452]
40,60,[0.25619452],[0.],[0.25619452],[0.25619452]
41,59,[0.25619452],[0.],[0.25619452],[0.25619452]
42,62,[0.25619452],[0.],[0.25619452],[0.25619452]
43,57,[0.25619452],[0.],[0.25619452],[0.25619452]
44,61,[0.25619452],[0.],[0.25619452],[0.25619452]
45,61,[0.25619452],[0.],[0.25619452],[0.25619452]
46,60,[0.25619452],[0.],[0.25619452],[0.25619452]
47,61,[0.25619452],[0.],[0.25619452],[0.25619452]
48,60,[0.25619452],[0.],[0.25619452],[0.25619452]
49,57,[0.25619452],[0.],[0.25619452],[0.25619452]
50,60,[0.25619452],[0.],[0.25619452],[0.25619452]
51,58,[0.25619452],[0.],[0.25619452],[0.25619452]
52,62,[0.25619452],[0.],[0.25619452],[0.25619452]
53,60,[0.25619452],[0.],[0.25619452],[0.25619452]
54,59,[0.25619452],[0.],[0.25619452],[0.25619452]
55,58,[0.25619452],[0.],[0.25619452],[0.25619452]
56,60,[0.25619452],[0.],[0.25619452],[0.25619452]
57,64,[0.25619452],[0.],[0.25619452],[0.25619452]
58,58,[0.25619452],[0.],[0.25619452],[0.25619452]
59,61,[0.2561946],[4.01263466e-07],[0.25619452],[0.25619653]
60,60,[0.25619477],[6.64103817e-07],[0.25619452],[0.25619653]
61,58,[0.25619527],[9.72148446e-07],[0.25619452],[0.25619653]
62,58,[0.25619653],[0.],[0.25619653],[0.25619653]
63,63,[0.25619653],[0.],[0.25619653],[0.25619653]
64,59,[0.25619653],[0.],[0.25619653],[0.25619653]
65,59,[0.25619653],[0.],[0.25619653],[0.25619653]
66,61,[0.25619653],[0.],[0.25619653],[0.25619653]
67,59,[0.25619653],[0.],[0.25619653],[0.25619653]
68,62,[0.25619653],[0.],[0.25619653],[0.25619653]
69,57,[0.25619653],[0.],[0.25619653],[0.25619653]
70,60,[0.25619653],[0.],[0.25619653],[0.25619653]
71,63,[0.25619653],[0.],[0.25619653],[0.25619653]
72,62,[0.25619653],[0.],[0.25619653],[0.25619653]
73,63,[0.25619653],[0.],[0.25619653],[0.25619653]
74,59,[0.25619653],[0.],[0.25619653],[0.25619653]
75,57,[0.25619653],[0.],[0.25619653],[0.25619653]
76,62,[0.25619653],[0.],[0.25619653],[0.25619653]
77,60,[0.25619653],[0.],[0.25619653],[0.25619653]
78,55,[0.25619653],[0.],[0.25619653],[0.25619653]
79,61,[0.25619653],[0.],[0.25619653],[0.25619653]
80,59,[0.25619653],[0.],[0.25619653],[0.25619653]
81,60,[0.25619653],[0.],[0.25619653],[0.25619653]
82,54,[0.25619653],[0.],[0.25619653],[0.25619653]
83,60,[0.25619653],[0.],[0.25619653],[0.25619653]
84,62,[0.25619653],[0.],[0.25619653],[0.25619653]
85,63,[0.25619653],[0.],[0.25619653],[0.25619653]
86,62,[0.25619653],[0.],[0.25619653],[0.25619653]
87,56,[0.25619653],[0.],[0.25619653],[0.25619653]
88,57,[0.25619653],[0.],[0.25619653],[0.25619653]
89,56,[0.25619653],[0.],[0.25619653],[0.25619653]
90,59,[0.25619653],[0.],[0.25619653],[0.25619653]
91,64,[0.25619653],[0.],[0.25619653],[0.25619653]
92,59,[0.25619653],[0.],[0.25619653],[0.25619653]
93,57,[0.25619653],[0.],[0.25619653],[0.25619653]
94,57,[0.25619653],[0.],[0.25619653],[0.25619653]
95,58,[0.25619653],[0.],[0.25619653],[0.25619653]
96,56,[0.25619653],[0.],[0.25619653],[0.25619653]
97,60,[0.25619653],[0.],[0.25619653],[0.25619653]
98,63,[0.25619653],[0.],[0.25619653],[0.25619653]
99,60,[0.25619653],[0.],[0.25619653],[0.25619653]
100,63,[0.25619653],[0.],[0.25619653],[0.25619653]
,,,,,
gen,nevals,avg,std,min,max
0,25,[0.2536388],[0.00087196],[0.25175429],[0.25566813]
1,67,[0.25432249],[0.00043688],[0.25385457],[0.25566813]
2,64,[0.25486005],[0.00035916],[0.25466354],[0.25572694]
3,55,[0.25545217],[0.00037638],[0.25478613],[0.25572694]
4,58,[0.25572322],[3.68908872e-05],[0.25569968],[0.25589639]
5,62,[0.2557405],[4.59699562e-05],[0.25572694],[0.25589639]
6,55,[0.25576761],[7.23681716e-05],[0.25572694],[0.25589639]
7,56,[0.2558901],[3.33295491e-05],[0.25572694],[0.25590043]
8,58,[0.25589817],[2.00641599e-06],[0.25589639],[0.25590043]
9,57,[0.25590043],[0.],[0.25590043],[0.25590043]
10,59,[0.25590043],[0.],[0.25590043],[0.25590043]
11,54,[0.25590043],[0.],[0.25590043],[0.25590043]
12,67,[0.25590043],[0.],[0.25590043],[0.25590043]
13,65,[0.25590043],[0.],[0.25590043],[0.25590043]
14,59,[0.25590043],[0.],[0.25590043],[0.25590043]
15,59,[0.25590043],[0.],[0.25590043],[0.25590043]
16,60,[0.25590043],[0.],[0.25590043],[0.25590043]
17,59,[0.25590043],[0.],[0.25590043],[0.25590043]
18,59,[0.25590043],[0.],[0.25590043],[0.25590043]
19,56,[0.25590043],[0.],[0.25590043],[0.25590043]
20,60,[0.25590043],[0.],[0.25590043],[0.25590043]
21,64,[0.25590043],[0.],[0.25590043],[0.25590043]
22,61,[0.25590043],[0.],[0.25590043],[0.25590043]
23,62,[0.25590043],[0.],[0.25590043],[0.25590043]
24,59,[0.25590043],[0.],[0.25590043],[0.25590043]
25,57,[0.25590684],[3.13886226e-05],[0.25590043],[0.25606061]
26,57,[0.25593887],[6.8409917e-05],[0.25590043],[0.25606061]
27,58,[0.25601547],[7.17520518e-05],[0.25590043],[0.25606061]
28,61,[0.25606638],[2.82513687e-05],[0.25606061],[0.25620478]
29,58,[0.25608897],[5.67689444e-05],[0.25606061],[0.25620478]
30,60,[0.25618534],[4.22792989e-05],[0.25606061],[0.25620478]
31,56,[0.25620478],[0.],[0.25620478],[0.25620478]
32,56,[0.25620478],[0.],[0.25620478],[0.25620478]
33,64,[0.25620478],[0.],[0.25620478],[0.25620478]
34,62,[0.25620478],[0.],[0.25620478],[0.25620478]
35,57,[0.25620478],[0.],[0.25620478],[0.25620478]
36,56,[0.25620478],[0.],[0.25620478],[0.25620478]
37,57,[0.25620478],[0.],[0.25620478],[0.25620478]
38,58,[0.25620478],[0.],[0.25620478],[0.25620478]
39,61,[0.25620478],[0.],[0.25620478],[0.25620478]
40,60,[0.25620478],[0.],[0.25620478],[0.25620478]
41,60,[0.25620478],[0.],[0.25620478],[0.25620478]
42,64,[0.25620478],[0.],[0.25620478],[0.25620478]
43,56,[0.25620478],[0.],[0.25620478],[0.25620478]
44,60,[0.25620478],[0.],[0.25620478],[0.25620478]
45,62,[0.25620478],[0.],[0.25620478],[0.25620478]
46,62,[0.25620478],[0.],[0.25620478],[0.25620478]
47,59,[0.25620478],[0.],[0.25620478],[0.25620478]
48,60,[0.25620478],[0.],[0.25620478],[0.25620478]
49,53,[0.25620512],[1.1584039e-06],[0.25620478],[0.25620963]
50,62,[0.25620569],[1.63817344e-06],[0.25620478],[0.25620963]
51,62,[0.25620789],[1.40097546e-06],[0.25620478],[0.25620963]
52,58,[0.25620862],[5.05578362e-07],[0.25620837],[0.25620963]
53,58,[0.25620933],[5.39809974e-07],[0.25620837],[0.25620963]
54,56,[0.25620963],[0.],[0.25620963],[0.25620963]
55,62,[0.25620963],[0.],[0.25620963],[0.25620963]
56,58,[0.25620963],[0.],[0.25620963],[0.25620963]
57,63,[0.25620963],[0.],[0.25620963],[0.25620963]
58,59,[0.25620963],[0.],[0.25620963],[0.25620963]
59,61,[0.25620963],[0.],[0.25620963],[0.25620963]
60,62,[0.25620963],[0.],[0.25620963],[0.25620963]
61,57,[0.25620963],[0.],[0.25620963],[0.25620963]
62,59,[0.25620963],[0.],[0.25620963],[0.25620963]
63,62,[0.25620963],[0.],[0.25620963],[0.25620963]
64,63,[0.25620963],[0.],[0.25620963],[0.25620963]
65,57,[0.25620963],[0.],[0.25620963],[0.25620963]
66,57,[0.25620963],[0.],[0.25620963],[0.25620963]
67,58,[0.25620963],[0.],[0.25620963],[0.25620963]
68,56,[0.25620963],[0.],[0.25620963],[0.25620963]
69,62,[0.25620963],[0.],[0.25620963],[0.25620963]
70,57,[0.25620963],[0.],[0.25620963],[0.25620963]
71,61,[0.25620963],[0.],[0.25620963],[0.25620963]
72,60,[0.25620963],[0.],[0.25620963],[0.25620963]
73,58,[0.25620963],[0.],[0.25620963],[0.25620963]
74,60,[0.25620963],[0.],[0.25620963],[0.25620963]
75,58,[0.25620963],[0.],[0.25620963],[0.25620963]
76,54,[0.25620963],[0.],[0.25620963],[0.25620963]
77,64,[0.25620969],[2.79688831e-07],[0.25620963],[0.25621106]
78,59,[0.2562098],[4.63811456e-07],[0.25620963],[0.25621106]
79,59,[0.25621049],[6.99222078e-07],[0.25620963],[0.25621106]
80,61,[0.25621106],[0.],[0.25621106],[0.25621106]
81,59,[0.25621106],[0.],[0.25621106],[0.25621106]
82,62,[0.25621106],[0.],[0.25621106],[0.25621106]
83,58,[0.25621106],[0.],[0.25621106],[0.25621106]
84,60,[0.25621106],[0.],[0.25621106],[0.25621106]
85,54,[0.25621106],[0.],[0.25621106],[0.25621106]
86,64,[0.25621106],[0.],[0.25621106],[0.25621106]
87,60,[0.25621106],[0.],[0.25621106],[0.25621106]
88,58,[0.25621106],[0.],[0.25621106],[0.25621106]
89,61,[0.25621106],[0.],[0.25621106],[0.25621106]
90,58,[0.25621349],[1.19188112e-05],[0.25621106],[0.25627188]
91,53,[0.25622322],[2.43291715e-05],[0.25621106],[0.25627188]
92,64,[0.25625728],[2.59764468e-05],[0.25621106],[0.25627188]
93,60,[0.25627188],[0.],[0.25627188],[0.25627188]
94,57,[0.25627188],[0.],[0.25627188],[0.25627188]
95,59,[0.25627188],[0.],[0.25627188],[0.25627188]
96,60,[0.25627188],[0.],[0.25627188],[0.25627188]
97,57,[0.25627188],[0.],[0.25627188],[0.25627188]
98,60,[0.25627188],[0.],[0.25627188],[0.25627188]
99,60,[0.25627188],[0.],[0.25627188],[0.25627188]
100,65,[0.25627188],[0.],[0.25627188],[0.25627188]
,,,,,
gen,nevals,avg,std,min,max
0,26,[0.25359834],[0.00087863],[0.25175429],[0.25566813]
1,67,[0.25452497],[0.00037643],[0.25391003],[0.25566813]
2,63,[0.25491093],[0.00037552],[0.254691],[0.25572694]
3,55,[0.25560021],[0.00021606],[0.25488498],[0.25572694]
4,59,[0.25572483],[3.4710049e-05],[0.25569557],[0.25588598]
5,62,[0.25573917],[4.23804127e-05],[0.25572694],[0.25588598]
6,57,[0.2557642],[6.80728206e-05],[0.25572694],[0.25590043]
7,52,[0.25583204],[7.65652173e-05],[0.25572694],[0.25590043]
8,58,[0.25589321],[7.22265984e-06],[0.25588598],[0.25590043]
9,58,[0.25590043],[5.55111512e-17],[0.25590043],[0.25590043]
10,58,[0.25590043],[5.55111512e-17],[0.25590043],[0.25590043]
11,58,[0.25590043],[5.55111512e-17],[0.25590043],[0.25590043]
12,63,[0.25590043],[5.55111512e-17],[0.25590043],[0.25590043]
13,65,[0.25590043],[5.55111512e-17],[0.25590043],[0.25590043]
14,60,[0.25590043],[5.55111512e-17],[0.25590043],[0.25590043]
15,60,[0.25590043],[5.55111512e-17],[0.25590043],[0.25590043]
16,59,[0.25590628],[2.92287087e-05],[0.25590043],[0.25605242]
17,61,[0.25592381],[5.48379183e-05],[0.25590043],[0.25605242]
18,61,[0.25600565],[7.01489008e-05],[0.25590043],[0.25605242]
19,56,[0.25605242],[0.],[0.25605242],[0.25605242]
20,59,[0.25605242],[0.],[0.25605242],[0.25605242]
21,61,[0.25605242],[0.],[0.25605242],[0.25605242]
22,59,[0.25605242],[0.],[0.25605242],[0.25605242]
23,63,[0.25605242],[0.],[0.25605242],[0.25605242]
24,59,[0.25605242],[0.],[0.25605242],[0.25605242]
25,61,[0.25605242],[0.],[0.25605242],[0.25605242]
26,57,[0.25605273],[1.57502097e-06],[0.25605242],[0.25606061]
27,55,[0.25605431],[3.45069806e-06],[0.25605242],[0.25606061]
28,56,[0.25605781],[3.85339327e-06],[0.25605242],[0.25606061]
29,61,[0.2560657],[2.54709647e-05],[0.25606061],[0.25619306]
30,57,[0.25608084],[4.4095441e-05],[0.25606061],[0.25619306]
31,59,[0.25617049],[3.21216018e-05],[0.25611272],[0.25619306]
32,52,[0.25619306],[0.],[0.25619306],[0.25619306]
33,58,[0.25619306],[0.],[0.25619306],[0.25619306]
34,65,[0.25619306],[0.],[0.25619306],[0.25619306]
35,59,[0.25619311],[2.71672644e-07],[0.25619306],[0.25619447]
36,57,[0.25619311],[2.71672644e-07],[0.25619306],[0.25619447]
37,59,[0.25619328],[5.09703061e-07],[0.25619306],[0.25619447]
38,58,[0.25619371],[7.04255985e-07],[0.25619306],[0.25619447]
39,58,[0.25619447],[0.],[0.25619447],[0.25619447]
40,60,[0.25619447],[0.],[0.25619447],[0.25619447]
41,60,[0.25619447],[0.],[0.25619447],[0.25619447]
42,61,[0.25619447],[0.],[0.25619447],[0.25619447]
43,59,[0.25619447],[0.],[0.25619447],[0.25619447]
44,60,[0.25619447],[0.],[0.25619447],[0.25619447]
45,58,[0.25619447],[0.],[0.25619447],[0.25619447]
46,65,[0.25619447],[0.],[0.25619447],[0.25619447]
47,61,[0.25619447],[0.],[0.25619447],[0.25619447]
48,57,[0.25619447],[0.],[0.25619447],[0.25619447]
49,61,[0.25619447],[0.],[0.25619447],[0.25619447]
50,56,[0.25619469],[7.68058987e-07],[0.25619447],[0.25619791]
51,59,[0.25619494],[9.81908151e-07],[0.25619447],[0.25619791]
52,57,[0.25619569],[1.1539265e-06],[0.25619447],[0.25619791]
53,59,[0.25619684],[4.56054078e-07],[0.25619665],[0.25619791]
54,59,[0.25619737],[6.24477764e-07],[0.25619665],[0.25619791]
55,56,[0.25619791],[0.],[0.25619791],[0.25619791]
56,60,[0.25619791],[0.],[0.25619791],[0.25619791]
57,61,[0.25619791],[0.],[0.25619791],[0.25619791]
58,61,[0.25619791],[0.],[0.25619791],[0.25619791]
59,57,[0.25619791],[0.],[0.25619791],[0.25619791]
60,60,[0.25619791],[0.],[0.25619791],[0.25619791]
61,64,[0.25619791],[0.],[0.25619791],[0.25619791]
62,56,[0.25619791],[0.],[0.25619791],[0.25619791]
63,59,[0.25619791],[0.],[0.25619791],[0.25619791]
64,60,[0.25619791],[0.],[0.25619791],[0.25619791]
65,61,[0.25619791],[0.],[0.25619791],[0.25619791]
66,56,[0.25619791],[0.],[0.25619791],[0.25619791]
67,58,[0.25619791],[0.],[0.25619791],[0.25619791]
68,55,[0.25619791],[0.],[0.25619791],[0.25619791]
69,54,[0.25619791],[0.],[0.25619791],[0.25619791]
70,61,[0.25619791],[0.],[0.25619791],[0.25619791]
71,59,[0.25619791],[0.],[0.25619791],[0.25619791]
72,56,[0.25619791],[0.],[0.25619791],[0.25619791]
73,63,[0.25619791],[0.],[0.25619791],[0.25619791]
74,58,[0.25619791],[0.],[0.25619791],[0.25619791]
75,57,[0.25619791],[0.],[0.25619791],[0.25619791]
76,60,[0.25619791],[0.],[0.25619791],[0.25619791]
77,58,[0.25619791],[0.],[0.25619791],[0.25619791]
78,60,[0.25619796],[2.74489689e-07],[0.25619791],[0.25619934]
79,61,[0.25619807],[4.56016521e-07],[0.25619791],[0.25619934]
80,62,[0.25619868],[7.11558601e-07],[0.25619791],[0.25619934]
81,56,[0.25619934],[0.],[0.25619934],[0.25619934]
82,61,[0.25619934],[0.],[0.25619934],[0.25619934]
83,59,[0.25619934],[0.],[0.25619934],[0.25619934]
84,62,[0.25619934],[0.],[0.25619934],[0.25619934]
85,59,[0.25619934],[0.],[0.25619934],[0.25619934]
86,57,[0.25619934],[0.],[0.25619934],[0.25619934]
87,55,[0.25619934],[0.],[0.25619934],[0.25619934]
88,61,[0.25619934],[0.],[0.25619934],[0.25619934]
89,61,[0.25619934],[0.],[0.25619934],[0.25619934]
90,59,[0.25619934],[0.],[0.25619934],[0.25619934]
91,59,[0.25620213],[1.39506322e-05],[0.25619934],[0.25627188]
92,59,[0.25621608],[3.05643038e-05],[0.25619934],[0.25627188]
93,56,[0.2562663],[1.9330563e-05],[0.25619934],[0.25627188]
94,63,[0.25627188],[5.55111512e-17],[0.25627188],[0.25627188]
95,59,[0.25627188],[5.55111512e-17],[0.25627188],[0.25627188]
96,63,[0.25627188],[5.55111512e-17],[0.25627188],[0.25627188]
97,56,[0.25627188],[5.55111512e-17],[0.25627188],[0.25627188]
98,60,[0.25627188],[5.55111512e-17],[0.25627188],[0.25627188]
99,60,[0.25627188],[5.55111512e-17],[0.25627188],[0.25627188]
100,61,[0.25627188],[5.55111512e-17],[0.25627188],[0.25627188]
,,,,,
gen,nevals,avg,std,min,max
0,27,[0.25358114],[0.00086666],[0.25175429],[0.25566813]
1,65,[0.25445908],[0.0003958],[0.25390461],[0.25566813]
2,61,[0.25489886],[0.00036887],[0.25468242],[0.25572694]
3,52,[0.25546547],[0.00035467],[0.25479369],[0.25572694]
4,59,[0.25570976],[1.14627233e-05],[0.25569809],[0.25572694]
5,66,[0.25572316],[4.72047521e-06],[0.2557162],[0.25572694]
6,55,[0.25572694],[0.],[0.25572694],[0.25572694]
7,53,[0.25572694],[0.],[0.25572694],[0.25572694]
8,59,[0.25572694],[0.],[0.25572694],[0.25572694]
9,56,[0.25574846],[0.00010973],[0.25572694],[0.25630799]
10,58,[0.2558991],[0.00026532],[0.25572694],[0.25630799]
11,59,[0.25630799],[0.],[0.25630799],[0.25630799]
12,61,[0.25630799],[0.],[0.25630799],[0.25630799]
13,66,[0.25630799],[0.],[0.25630799],[0.25630799]
14,59,[0.25630799],[0.],[0.25630799],[0.25630799]
15,60,[0.25630799],[0.],[0.25630799],[0.25630799]
16,58,[0.25630799],[0.],[0.25630799],[0.25630799]
17,62,[0.25630799],[0.],[0.25630799],[0.25630799]
18,60,[0.25630799],[0.],[0.25630799],[0.25630799]
19,56,[0.25630799],[0.],[0.25630799],[0.25630799]
20,58,[0.25630799],[0.],[0.25630799],[0.25630799]
21,59,[0.25630799],[0.],[0.25630799],[0.25630799]
22,62,[0.25630799],[0.],[0.25630799],[0.25630799]
23,62,[0.25630799],[0.],[0.25630799],[0.25630799]
24,60,[0.25630799],[0.],[0.25630799],[0.25630799]
25,60,[0.25630799],[0.],[0.25630799],[0.25630799]
26,61,[0.25630799],[0.],[0.25630799],[0.25630799]
27,55,[0.25630799],[0.],[0.25630799],[0.25630799]
28,58,[0.25630799],[0.],[0.25630799],[0.25630799]
29,56,[0.25630812],[6.65723926e-07],[0.25630799],[0.25631152]
30,61,[0.25630839],[1.10783158e-06],[0.25630799],[0.25631152]
31,59,[0.25630995],[1.75163552e-06],[0.25630799],[0.25631152]
32,52,[0.25631152],[0.],[0.25631152],[0.25631152]
33,55,[0.25631152],[0.],[0.25631152],[0.25631152]
34,60,[0.25631152],[0.],[0.25631152],[0.25631152]
35,63,[0.25631152],[0.],[0.25631152],[0.25631152]
36,53,[0.25631152],[0.],[0.25631152],[0.25631152]
37,56,[0.25631152],[0.],[0.25631152],[0.25631152]
38,61,[0.25631152],[0.],[0.25631152],[0.25631152]
39,54,[0.25631152],[0.],[0.25631152],[0.25631152]
40,64,[0.25631152],[0.],[0.25631152],[0.25631152]
41,58,[0.25631152],[0.],[0.25631152],[0.25631152]
42,60,[0.25631152],[0.],[0.25631152],[0.25631152]
43,62,[0.25631152],[0.],[0.25631152],[0.25631152]
44,60,[0.25631152],[0.],[0.25631152],[0.25631152]
45,59,[0.25631152],[0.],[0.25631152],[0.25631152]
46,54,[0.25631152],[0.],[0.25631152],[0.25631152]
47,59,[0.25631152],[0.],[0.25631152],[0.25631152]
48,62,[0.25631152],[0.],[0.25631152],[0.25631152]
49,57,[0.25631152],[0.],[0.25631152],[0.25631152]
50,61,[0.25631152],[0.],[0.25631152],[0.25631152]
51,55,[0.25631152],[1.1383446e-08],[0.25631152],[0.25631158]
52,61,[0.25631152],[1.1383446e-08],[0.25631152],[0.25631158]
53,56,[0.25631152],[1.1383446e-08],[0.25631152],[0.25631158]
54,63,[0.25631153],[2.14131713e-08],[0.25631152],[0.25631158]
55,57,[0.25631155],[3.01177672e-08],[0.25631152],[0.25631158]
56,58,[0.25631158],[5.55111512e-17],[0.25631158],[0.25631158]
57,59,[0.25631158],[5.55111512e-17],[0.25631158],[0.25631158]
58,59,[0.25631158],[5.55111512e-17],[0.25631158],[0.25631158]
59,62,[0.25631158],[5.55111512e-17],[0.25631158],[0.25631158]
60,56,[0.25631158],[5.55111512e-17],[0.25631158],[0.25631158]
61,60,[0.25631158],[5.55111512e-17],[0.25631158],[0.25631158]
62,64,[0.25631158],[5.55111512e-17],[0.25631158],[0.25631158]
63,59,[0.25631158],[5.55111512e-17],[0.25631158],[0.25631158]
64,61,[0.25631158],[5.55111512e-17],[0.25631158],[0.25631158]
65,60,[0.25631158],[5.55111512e-17],[0.25631158],[0.25631158]
66,58,[0.25631158],[5.55111512e-17],[0.25631158],[0.25631158]
67,57,[0.25631158],[5.55111512e-17],[0.25631158],[0.25631158]
68,58,[0.25631158],[5.55111512e-17],[0.25631158],[0.25631158]
69,54,[0.25631158],[5.55111512e-17],[0.25631158],[0.25631158]
70,54,[0.25631158],[5.55111512e-17],[0.25631158],[0.25631158]
71,63,[0.25631158],[5.55111512e-17],[0.25631158],[0.25631158]
72,60,[0.25631158],[5.55111512e-17],[0.25631158],[0.25631158]
73,59,[0.25631158],[5.55111512e-17],[0.25631158],[0.25631158]
74,60,[0.25631158],[5.55111512e-17],[0.25631158],[0.25631158]
75,59,[0.25631158],[5.55111512e-17],[0.25631158],[0.25631158]
76,59,[0.25631158],[5.55111512e-17],[0.25631158],[0.25631158]
77,63,[0.25631158],[5.55111512e-17],[0.25631158],[0.25631158]
78,58,[0.25631158],[5.55111512e-17],[0.25631158],[0.25631158]
79,61,[0.25631168],[5.08040486e-07],[0.25631158],[0.25631427]
80,57,[0.25631188],[8.45430472e-07],[0.25631158],[0.25631427]
81,62,[0.25631297],[1.34414878e-06],[0.25631158],[0.25631427]
82,55,[0.25631427],[0.],[0.25631427],[0.25631427]
83,59,[0.25631427],[0.],[0.25631427],[0.25631427]
84,62,[0.25631427],[0.],[0.25631427],[0.25631427]
85,61,[0.25631427],[0.],[0.25631427],[0.25631427]
86,60,[0.25631427],[0.],[0.25631427],[0.25631427]
87,63,[0.25631427],[0.],[0.25631427],[0.25631427]
88,52,[0.25631427],[0.],[0.25631427],[0.25631427]
89,62,[0.25631427],[0.],[0.25631427],[0.25631427]
90,63,[0.25631427],[0.],[0.25631427],[0.25631427]
91,57,[0.25631427],[0.],[0.25631427],[0.25631427]
92,59,[0.25631427],[0.],[0.25631427],[0.25631427]
93,59,[0.25631427],[0.],[0.25631427],[0.25631427]
94,59,[0.25631427],[0.],[0.25631427],[0.25631427]
95,62,[0.25631427],[0.],[0.25631427],[0.25631427]
96,61,[0.25631427],[0.],[0.25631427],[0.25631427]
97,62,[0.25631427],[0.],[0.25631427],[0.25631427]
98,57,[0.25631427],[0.],[0.25631427],[0.25631427]
99,57,[0.25631427],[0.],[0.25631427],[0.25631427]
100,59,[0.25631427],[0.],[0.25631427],[0.25631427]
,,,,,
gen,nevals,avg,std,min,max
0,28,[0.25359828],[0.00085569],[0.25175429],[0.25566813]
1,60,[0.25458294],[0.00038211],[0.25395871],[0.25566813]
2,62,[0.25499579],[0.00043575],[0.254691],[0.25572694]
3,56,[0.25569915],[8.52350116e-05],[0.25565191],[0.25611769]
4,60,[0.2557969],[0.00015006],[0.25572694],[0.25612292]
5,67,[0.255939],[0.00019771],[0.25572694],[0.2561764]
6,54,[0.25612634],[1.78924993e-05],[0.25611769],[0.2561764]
7,56,[0.25614111],[2.25320011e-05],[0.25612292],[0.2561764]
8,60,[0.25617475],[8.5479311e-06],[0.25613033],[0.2561764]
9,57,[0.2561811],[2.4421524e-05],[0.2561764],[0.25630799]
10,58,[0.256214],[5.94498649e-05],[0.2561764],[0.25630799]
11,55,[0.25630799],[5.55111512e-17],[0.25630799],[0.25630799]
12,57,[0.25630799],[5.55111512e-17],[0.25630799],[0.25630799]
13,66,[0.25630799],[5.55111512e-17],[0.25630799],[0.25630799]
14,61,[0.25630799],[5.55111512e-17],[0.25630799],[0.25630799]
15,62,[0.25630799],[5.55111512e-17],[0.25630799],[0.25630799]
16,56,[0.25630799],[5.55111512e-17],[0.25630799],[0.25630799]
17,63,[0.25630799],[5.55111512e-17],[0.25630799],[0.25630799]
18,65,[0.25630799],[5.55111512e-17],[0.25630799],[0.25630799]
19,53,[0.25630799],[5.55111512e-17],[0.25630799],[0.25630799]
20,60,[0.25630799],[5.55111512e-17],[0.25630799],[0.25630799]
21,54,[0.25630799],[5.55111512e-17],[0.25630799],[0.25630799]
22,64,[0.25630799],[5.55111512e-17],[0.25630799],[0.25630799]
23,60,[0.25630799],[5.55111512e-17],[0.25630799],[0.25630799]
24,63,[0.25630799],[5.55111512e-17],[0.25630799],[0.25630799]
25,62,[0.25630799],[5.55111512e-17],[0.25630799],[0.25630799]
26,60,[0.25630799],[5.55111512e-17],[0.25630799],[0.25630799]
27,60,[0.25630799],[5.55111512e-17],[0.25630799],[0.25630799]
28,56,[0.25630799],[5.55111512e-17],[0.25630799],[0.25630799]
29,56,[0.25630812],[6.54176752e-07],[0.25630799],[0.25631152]
30,58,[0.256309],[1.59247717e-06],[0.25630799],[0.25631152]
31,60,[0.25631152],[0.],[0.25631152],[0.25631152]
32,54,[0.25631152],[0.],[0.25631152],[0.25631152]
33,53,[0.25631152],[0.],[0.25631152],[0.25631152]
34,61,[0.25631152],[0.],[0.25631152],[0.25631152]
35,61,[0.25631152],[0.],[0.25631152],[0.25631152]
36,56,[0.25631152],[0.],[0.25631152],[0.25631152]
37,53,[0.25631152],[0.],[0.25631152],[0.25631152]
38,60,[0.25631152],[0.],[0.25631152],[0.25631152]
39,60,[0.25631152],[0.],[0.25631152],[0.25631152]
40,60,[0.25631152],[0.],[0.25631152],[0.25631152]
41,62,[0.25631152],[0.],[0.25631152],[0.25631152]
42,57,[0.25631152],[0.],[0.25631152],[0.25631152]
43,65,[0.25631152],[0.],[0.25631152],[0.25631152]
44,62,[0.25631152],[0.],[0.25631152],[0.25631152]
45,60,[0.25631152],[0.],[0.25631152],[0.25631152]
46,61,[0.25631152],[0.],[0.25631152],[0.25631152]
47,54,[0.25631152],[0.],[0.25631152],[0.25631152]
48,61,[0.25631152],[0.],[0.25631152],[0.25631152]
49,58,[0.25631152],[0.],[0.25631152],[0.25631152]
50,61,[0.25631152],[0.],[0.25631152],[0.25631152]
51,54,[0.25631152],[0.],[0.25631152],[0.25631152]
52,61,[0.25631152],[0.],[0.25631152],[0.25631152]
53,61,[0.25631152],[0.],[0.25631152],[0.25631152]
54,63,[0.25631152],[0.],[0.25631152],[0.25631152]
55,56,[0.25631152],[0.],[0.25631152],[0.25631152]
56,57,[0.25631152],[0.],[0.25631152],[0.25631152]
57,60,[0.25631152],[0.],[0.25631152],[0.25631152]
58,58,[0.25631152],[0.],[0.25631152],[0.25631152]
59,59,[0.25631152],[0.],[0.25631152],[0.25631152]
60,64,[0.25631152],[0.],[0.25631152],[0.25631152]
61,58,[0.25631152],[0.],[0.25631152],[0.25631152]
62,61,[0.25631152],[0.],[0.25631152],[0.25631152]
63,56,[0.25631152],[0.],[0.25631152],[0.25631152]
64,61,[0.25631152],[0.],[0.25631152],[0.25631152]
65,63,[0.25631152],[0.],[0.25631152],[0.25631152]
66,58,[0.25631152],[0.],[0.25631152],[0.25631152]
67,54,[0.25631152],[0.],[0.25631152],[0.25631152]
68,60,[0.25631152],[0.],[0.25631152],[0.25631152]
69,53,[0.25631152],[0.],[0.25631152],[0.25631152]
70,55,[0.25631152],[0.],[0.25631152],[0.25631152]
71,60,[0.25631152],[0.],[0.25631152],[0.25631152]
72,57,[0.25631152],[0.],[0.25631152],[0.25631152]
73,65,[0.25631152],[0.],[0.25631152],[0.25631152]
74,59,[0.25631152],[0.],[0.25631152],[0.25631152]
75,60,[0.25631152],[0.],[0.25631152],[0.25631152]
76,55,[0.25631152],[0.],[0.25631152],[0.25631152]
77,62,[0.25631152],[0.],[0.25631152],[0.25631152]
78,59,[0.25631152],[0.],[0.25631152],[0.25631152]
79,63,[0.25631152],[0.],[0.25631152],[0.25631152]
80,61,[0.25631152],[0.],[0.25631152],[0.25631152]
81,58,[0.25631152],[0.],[0.25631152],[0.25631152]
82,58,[0.25631152],[0.],[0.25631152],[0.25631152]
83,59,[0.25631152],[0.],[0.25631152],[0.25631152]
84,59,[0.25631152],[0.],[0.25631152],[0.25631152]
85,61,[0.25631152],[0.],[0.25631152],[0.25631152]
86,62,[0.25631152],[0.],[0.25631152],[0.25631152]
87,63,[0.25631152],[0.],[0.25631152],[0.25631152]
88,57,[0.25631152],[0.],[0.25631152],[0.25631152]
89,59,[0.25631152],[0.],[0.25631152],[0.25631152]
90,60,[0.25631152],[0.],[0.25631152],[0.25631152]
91,49,[0.25631152],[0.],[0.25631152],[0.25631152]
92,67,[0.25631152],[0.],[0.25631152],[0.25631152]
93,60,[0.25631152],[0.],[0.25631152],[0.25631152]
94,52,[0.25631152],[0.],[0.25631152],[0.25631152]
95,61,[0.25631152],[0.],[0.25631152],[0.25631152]
96,66,[0.25631152],[0.],[0.25631152],[0.25631152]
97,61,[0.25631152],[0.],[0.25631152],[0.25631152]
98,62,[0.25631152],[0.],[0.25631152],[0.25631152]
99,57,[0.25631152],[0.],[0.25631152],[0.25631152]
100,60,[0.25631152],[0.],[0.25631152],[0.25631152]
,,,,,
gen,nevals,avg,std,min,max
0,29,[0.25363538],[0.00086342],[0.25175429],[0.25566813]
1,61,[0.25466029],[0.00032293],[0.25406093],[0.25566813]
2,64,[0.25507018],[0.00044585],[0.25470454],[0.25572694]
3,57,[0.2557053],[8.22805622e-05],[0.25565219],[0.25611769]
4,64,[0.25577711],[0.00013685],[0.255715],[0.25612292]
5,64,[0.25591939],[0.00019974],[0.25572694],[0.2561764]
6,56,[0.2561346],[2.58541017e-05],[0.25611769],[0.2561764]
7,56,[0.25616902],[1.84394192e-05],[0.25612292],[0.2561764]
8,59,[0.25617909],[1.42598754e-05],[0.2561764],[0.25625455]
9,58,[0.25619306],[3.84442002e-05],[0.2561764],[0.25630799]
10,57,[0.25626992],[4.5298689e-05],[0.2561764],[0.25630799]
11,53,[0.25630799],[5.55111512e-17],[0.25630799],[0.25630799]
12,59,[0.25630799],[5.55111512e-17],[0.25630799],[0.25630799]
13,67,[0.25630799],[5.55111512e-17],[0.25630799],[0.25630799]
14,58,[0.25630799],[5.55111512e-17],[0.25630799],[0.25630799]
15,60,[0.25630799],[5.55111512e-17],[0.25630799],[0.25630799]
16,57,[0.25630799],[5.55111512e-17],[0.25630799],[0.25630799]
17,63,[0.25630799],[5.55111512e-17],[0.25630799],[0.25630799]
18,65,[0.25630799],[5.55111512e-17],[0.25630799],[0.25630799]
19,58,[0.25630799],[5.55111512e-17],[0.25630799],[0.25630799]
20,58,[0.25630799],[5.55111512e-17],[0.25630799],[0.25630799]
21,55,[0.25630799],[5.55111512e-17],[0.25630799],[0.25630799]
22,64,[0.25630799],[5.55111512e-17],[0.25630799],[0.25630799]
23,59,[0.25630799],[5.55111512e-17],[0.25630799],[0.25630799]
24,61,[0.25630799],[5.55111512e-17],[0.25630799],[0.25630799]
25,63,[0.25630799],[5.55111512e-17],[0.25630799],[0.25630799]
26,59,[0.25630799],[5.55111512e-17],[0.25630799],[0.25630799]
27,62,[0.25630799],[5.55111512e-17],[0.25630799],[0.25630799]
28,57,[0.25630799],[5.55111512e-17],[0.25630799],[0.25630799]
29,58,[0.25630799],[5.55111512e-17],[0.25630799],[0.25630799]
30,61,[0.25630812],[6.43209238e-07],[0.25630799],[0.25631152]
31,63,[0.25630893],[1.52854549e-06],[0.25630799],[0.25631152]
32,57,[0.2563111],[9.28777083e-07],[0.25630799],[0.25631152]
33,52,[0.25631152],[0.],[0.25631152],[0.25631152]
34,56,[0.25631152],[0.],[0.25631152],[0.25631152]
35,62,[0.25631152],[0.],[0.25631152],[0.25631152]
36,59,[0.25631152],[0.],[0.25631152],[0.25631152]
37,55,[0.25631152],[0.],[0.25631152],[0.25631152]
38,57,[0.25631152],[0.],[0.25631152],[0.25631152]
39,59,[0.25631152],[0.],[0.25631152],[0.25631152]
40,56,[0.25631152],[0.],[0.25631152],[0.25631152]
41,61,[0.25631152],[0.],[0.25631152],[0.25631152]
42,60,[0.25631152],[0.],[0.25631152],[0.25631152]
43,66,[0.25631152],[0.],[0.25631152],[0.25631152]
44,63,[0.25631152],[0.],[0.25631152],[0.25631152]
45,59,[0.25631152],[0.],[0.25631152],[0.25631152]
46,63,[0.25631152],[0.],[0.25631152],[0.25631152]
47,58,[0.25631152],[0.],[0.25631152],[0.25631152]
48,59,[0.25631152],[0.],[0.25631152],[0.25631152]
49,55,[0.25631152],[0.],[0.25631152],[0.25631152]
50,66,[0.25631152],[0.],[0.25631152],[0.25631152]
51,56,[0.25631152],[0.],[0.25631152],[0.25631152]
52,59,[0.25631152],[0.],[0.25631152],[0.25631152]
53,63,[0.25631152],[0.],[0.25631152],[0.25631152]
54,61,[0.25631152],[0.],[0.25631152],[0.25631152]
55,56,[0.25631152],[0.],[0.25631152],[0.25631152]
56,54,[0.25631152],[0.],[0.25631152],[0.25631152]
57,61,[0.25631152],[0.],[0.25631152],[0.25631152]
58,59,[0.25631152],[0.],[0.25631152],[0.25631152]
59,57,[0.25631152],[0.],[0.25631152],[0.25631152]
60,62,[0.25631152],[0.],[0.25631152],[0.25631152]
61,59,[0.25631152],[0.],[0.25631152],[0.25631152]
62,63,[0.25631152],[0.],[0.25631152],[0.25631152]
63,54,[0.25631152],[0.],[0.25631152],[0.25631152]
64,56,[0.25631152],[0.],[0.25631152],[0.25631152]
65,65,[0.25631152],[0.],[0.25631152],[0.25631152]
66,57,[0.25631152],[0.],[0.25631152],[0.25631152]
67,56,[0.25631152],[0.],[0.25631152],[0.25631152]
68,60,[0.25631152],[0.],[0.25631152],[0.25631152]
69,57,[0.25631152],[0.],[0.25631152],[0.25631152]
70,55,[0.25631152],[0.],[0.25631152],[0.25631152]
71,56,[0.25631152],[0.],[0.25631152],[0.25631152]
72,66,[0.25631152],[0.],[0.25631152],[0.25631152]
73,58,[0.25631152],[0.],[0.25631152],[0.25631152]
74,59,[0.25631152],[0.],[0.25631152],[0.25631152]
75,60,[0.25631152],[0.],[0.25631152],[0.25631152]
76,59,[0.25631152],[0.],[0.25631152],[0.25631152]
77,59,[0.25631152],[0.],[0.25631152],[0.25631152]
78,60,[0.25631152],[0.],[0.25631152],[0.25631152]
79,61,[0.25631152],[0.],[0.25631152],[0.25631152]
80,61,[0.25631152],[0.],[0.25631152],[0.25631152]
81,59,[0.25631152],[0.],[0.25631152],[0.25631152]
82,61,[0.25631152],[0.],[0.25631152],[0.25631152]
83,55,[0.25631152],[0.],[0.25631152],[0.25631152]
84,60,[0.25631152],[0.],[0.25631152],[0.25631152]
85,60,[0.25631152],[0.],[0.25631152],[0.25631152]
86,60,[0.25631152],[0.],[0.25631152],[0.25631152]
87,57,[0.25631152],[0.],[0.25631152],[0.25631152]
88,60,[0.25631152],[0.],[0.25631152],[0.25631152]
89,54,[0.25631152],[0.],[0.25631152],[0.25631152]
90,57,[0.25631152],[0.],[0.25631152],[0.25631152]
91,60,[0.25631152],[0.],[0.25631152],[0.25631152]
92,55,[0.25631152],[0.],[0.25631152],[0.25631152]
93,61,[0.25631152],[0.],[0.25631152],[0.25631152]
94,60,[0.25631152],[0.],[0.25631152],[0.25631152]
95,54,[0.25631152],[0.],[0.25631152],[0.25631152]
96,64,[0.25631152],[0.],[0.25631152],[0.25631152]
97,61,[0.25631152],[0.],[0.25631152],[0.25631152]
98,60,[0.25631152],[0.],[0.25631152],[0.25631152]
99,62,[0.25631152],[0.],[0.25631152],[0.25631152]
100,59,[0.25631152],[0.],[0.25631152],[0.25631152]
,,,,,
